{
    "applicableblockedUIWidget": "Button",
    "background_color": "b7d2ffff",
    "background_style": "vg",
    "bg_type": "one",
    "blockedImgLocation": "null",
    "blockedimgURL": "",
    "border_color": "b7d2ffff",
    "border_radius": 0,
    "border_style": "rc",
    "border_type": 0,
    "border_width": 2,
    "bottom_left_border_color": "000000ff",
    "bottom_left_border_radius": 10,
    "bottom_left_border_width": 0,
    "bottom_right_border_color": "000000ff",
    "bottom_right_border_radius": 10,
    "bottom_right_border_width": 0,
    "font_color": "000000ff",
    "font_size": 100,
    "font_weight": "normal",
    "gridLineColor": "0000000",
    "id": "blueroundFocus",
    "isForked": false,
    "kuid": "sc204ce6f8b64775b83f28f6291bd2d8",
    "shadow": {
        "br": 0,
        "color": "000000",
        "inner": false,
        "x": 0,
        "y": 0
    },
    "text_shadow": {
        "br": 0,
        "color": "000000",
        "x": 0,
        "y": 0
    },
    "top_left_border_color": "000000ff",
    "top_left_border_radius": 10,
    "top_left_border_width": 0,
    "top_right_border_color": "000000ff",
    "top_right_border_radius": 10,
    "top_right_border_width": 0,
    "use_native": "false",
    "vizChannel": "default"
}