{
    "android": {
        "applicableblockedUIWidget": "Button",
        "background_color": "ffffff00",
        "background_style": "vg",
        "bg_type": "one",
        "blockedimgURL": "",
        "border_color": "000000ff",
        "border_radius": 0,
        "border_style": "plain",
        "border_type": 0,
        "border_width": 0,
        "bottom_left_border_color": "000000ff",
        "bottom_left_border_radius": 10,
        "bottom_left_border_width": 0,
        "bottom_right_border_color": "000000ff",
        "bottom_right_border_radius": 10,
        "bottom_right_border_width": 0,
        "font_color": "000000ff",
        "font_size": 100,
        "font_weight": "normal",
        "gridLineColor": "0000000",
        "id": "camNormal",
        "isCustomCSSEnabled": false,
        "isForked": true,
        "psp": {},
        "shadow": {
            "br": 0,
            "color": "000000",
            "inner": false,
            "x": 0,
            "y": 0
        },
        "text_shadow": {
            "br": 0,
            "color": "000000",
            "x": 0,
            "y": 0
        },
        "top_left_border_color": "000000ff",
        "top_left_border_radius": 10,
        "top_left_border_width": 0,
        "top_right_border_color": "000000ff",
        "top_right_border_radius": 10,
        "top_right_border_width": 0,
        "use_native": "true",
        "vizChannel": "android",
        "wType": "Camera"
    },
    "applicableblockedUIWidget": "Button",
    "background_color": "ffffff00",
    "background_style": "vg",
    "bg_type": "one",
    "blockedimgURL": "",
    "border_color": "000000ff",
    "border_radius": 0,
    "border_style": "plain",
    "border_type": 0,
    "border_width": 0,
    "bottom_left_border_color": "000000ff",
    "bottom_left_border_radius": 10,
    "bottom_left_border_width": 0,
    "bottom_right_border_color": "000000ff",
    "bottom_right_border_radius": 10,
    "bottom_right_border_width": 0,
    "font_color": "000000ff",
    "font_size": 100,
    "font_weight": "normal",
    "gridLineColor": "0000000",
    "id": "camNormal",
    "iphone": {
        "applicableblockedUIWidget": "Button",
        "background_color": "ffffff00",
        "background_image": "b7.png",
        "background_style": "vg",
        "bg_type": "one",
        "blockedimgURL": "",
        "border_color": "9f9f9fff",
        "border_radius": 0,
        "border_style": "rc",
        "border_type": 0,
        "border_width": 0,
        "bottom_left_border_color": "000000ff",
        "bottom_left_border_radius": 10,
        "bottom_left_border_width": 0,
        "bottom_right_border_color": "000000ff",
        "bottom_right_border_radius": 10,
        "bottom_right_border_width": 0,
        "font_color": "314e89ff",
        "font_name": "Arial-BoldMT",
        "font_size": 120,
        "font_weight": "bold",
        "gridLineColor": "0000000",
        "id": "camNormal",
        "isCustomCSSEnabled": false,
        "isForked": true,
        "psp": {},
        "shadow": {
            "br": 0,
            "color": "000000",
            "inner": false,
            "x": 0,
            "y": 0
        },
        "text_shadow": {
            "br": 0,
            "color": "000000",
            "x": 0,
            "y": 0
        },
        "top_left_border_color": "000000ff",
        "top_left_border_radius": 10,
        "top_left_border_width": 0,
        "top_right_border_color": "000000ff",
        "top_right_border_radius": 10,
        "top_right_border_width": 0,
        "use_native": "false",
        "vizChannel": "iphone",
        "wType": "Camera"
    },
    "isForked": false,
    "kuid": "s457c0f32e3d42ed9634d9ee17aed661",
    "shadow": {
        "br": 0,
        "color": "000000",
        "inner": false,
        "x": 0,
        "y": 0
    },
    "spaan": {
        "applicableblockedUIWidget": "Button",
        "backgroundSize": false,
        "background_gradient_bottom_color": "bebebeff",
        "background_gradient_top_color": "efefefff",
        "background_style": "vg",
        "bg_type": "two",
        "blockedimgURL": "",
        "border_color": "000000ff",
        "border_radius": 0,
        "border_style": "plain",
        "border_type": 0,
        "border_width": 0,
        "bottom_left_border_color": "a5a5a5ff",
        "bottom_left_border_radius": 10,
        "bottom_left_border_style": "plain",
        "bottom_left_border_width": 1,
        "bottom_right_border_color": "a5a5a5ff",
        "bottom_right_border_radius": 10,
        "bottom_right_border_style": "plain",
        "bottom_right_border_width": 1,
        "enableRetinaImage": false,
        "font_color": "000000ff",
        "font_size": 130,
        "font_weight": "normal",
        "gridLineColor": "0000000",
        "id": "camNormal",
        "isCustomCSSEnabled": false,
        "isForked": true,
        "psp": {},
        "repeatImageHorizontally": false,
        "repeatImageVertically": false,
        "shadow": {
            "br": 0,
            "color": "000000",
            "inner": false,
            "x": 0,
            "y": 0
        },
        "text_shadow": {
            "br": 0,
            "color": "000000",
            "x": 0,
            "y": 0
        },
        "top_left_border_color": "a5a5a5ff",
        "top_left_border_radius": 10,
        "top_left_border_style": "plain",
        "top_left_border_width": 1,
        "top_right_border_color": "a5a5a5ff",
        "top_right_border_radius": 10,
        "top_right_border_style": "plain",
        "top_right_border_width": 1,
        "use_native": "false",
        "vizChannel": "spaan",
        "wType": "Camera"
    },
    "spabb": {
        "applicableblockedUIWidget": "Button",
        "background_gradient_bottom_color": "dfdfdfff",
        "background_gradient_top_color": "efefefff",
        "background_style": "vg",
        "bg_type": "two",
        "blockedimgURL": "",
        "border_color": "000000ff",
        "border_radius": 0,
        "border_style": "plain",
        "border_type": 0,
        "border_width": 0,
        "bottom_left_border_color": "bebebeff",
        "bottom_left_border_radius": 5,
        "bottom_left_border_style": "rc",
        "bottom_left_border_width": 1,
        "bottom_right_border_color": "bebebeff",
        "bottom_right_border_radius": 5,
        "bottom_right_border_style": "rc",
        "bottom_right_border_width": 1,
        "font_color": "000000ff",
        "font_name": "Arial",
        "font_size": 120,
        "font_weight": "normal",
        "gridLineColor": "0000000",
        "id": "camNormal",
        "isCustomCSSEnabled": false,
        "isForked": true,
        "psp": {},
        "shadow": {
            "br": 0,
            "color": "000000",
            "inner": false,
            "x": 0,
            "y": 0
        },
        "text_shadow": {
            "br": 0,
            "color": "000000",
            "x": 0,
            "y": 0
        },
        "top_left_border_color": "bebebeff",
        "top_left_border_radius": 5,
        "top_left_border_style": "rc",
        "top_left_border_width": 1,
        "top_right_border_color": "bebebeff",
        "top_right_border_radius": 5,
        "top_right_border_style": "rc",
        "top_right_border_width": 1,
        "use_native": "false",
        "vizChannel": "spabb",
        "wType": "Camera"
    },
    "spaip": {
        "applicableblockedUIWidget": "Button",
        "backgroundSize": false,
        "background_gradient_bottom_color": "cfcfcfff",
        "background_gradient_top_color": "ffffffff",
        "background_style": "vg",
        "bg_type": "two",
        "blockedimgURL": "",
        "border_color": "000000ff",
        "border_radius": 0,
        "border_style": "plain",
        "border_type": 0,
        "border_width": 0,
        "bottom_left_border_color": "4c4c4cff",
        "bottom_left_border_radius": 20,
        "bottom_left_border_style": "rc",
        "bottom_left_border_width": 1,
        "bottom_right_border_color": "4c4c4cff",
        "bottom_right_border_radius": 20,
        "bottom_right_border_style": "rc",
        "bottom_right_border_width": 1,
        "enableRetinaImage": false,
        "font_color": "000000ff",
        "font_name": "Arial",
        "font_size": 130,
        "font_weight": "normal",
        "gridLineColor": "0000000",
        "id": "camNormal",
        "isCustomCSSEnabled": false,
        "isForked": true,
        "psp": {},
        "repeatImageHorizontally": false,
        "repeatImageVertically": false,
        "repeatRetinaImage": false,
        "shadow": {
            "br": 0,
            "color": "000000",
            "inner": false,
            "x": 0,
            "y": 0
        },
        "text_shadow": {
            "br": 0,
            "color": "000000",
            "x": 0,
            "y": 0
        },
        "top_left_border_color": "4c4c4cff",
        "top_left_border_radius": 20,
        "top_left_border_style": "rc",
        "top_left_border_width": 1,
        "top_right_border_color": "4c4c4cff",
        "top_right_border_radius": 20,
        "top_right_border_style": "rc",
        "top_right_border_width": 1,
        "use_native": "false",
        "vizChannel": "spaip",
        "wType": "Camera"
    },
    "text_shadow": {
        "br": 0,
        "color": "000000",
        "x": 0,
        "y": 0
    },
    "top_left_border_color": "000000ff",
    "top_left_border_radius": 10,
    "top_left_border_width": 0,
    "top_right_border_color": "000000ff",
    "top_right_border_radius": 10,
    "top_right_border_width": 0,
    "use_native": "false",
    "vizChannel": "default",
    "wType": "Camera",
    "windows8": {
        "applicableblockedUIWidget": "Button",
        "background_color": "000000ff",
        "background_style": "vg",
        "bg_type": "one",
        "blockedimgURL": "",
        "border_color": "ffffffff",
        "border_radius": 0,
        "border_style": "plain",
        "border_type": 0,
        "border_width": 2,
        "bottom_left_border_color": "000000ff",
        "bottom_left_border_radius": 10,
        "bottom_left_border_width": 0,
        "bottom_right_border_color": "000000ff",
        "bottom_right_border_radius": 10,
        "bottom_right_border_width": 0,
        "font_color": "ffffffff",
        "font_size": 130,
        "font_weight": "normal",
        "gridLineColor": "0000000",
        "id": "camNormal",
        "isCustomCSSEnabled": false,
        "isForked": true,
        "psp": {},
        "shadow": {
            "br": 0,
            "color": "000000",
            "inner": false,
            "x": 0,
            "y": 0
        },
        "text_shadow": {
            "br": 0,
            "color": "000000",
            "x": 0,
            "y": 0
        },
        "top_left_border_color": "000000ff",
        "top_left_border_radius": 10,
        "top_left_border_width": 0,
        "top_right_border_color": "000000ff",
        "top_right_border_radius": 10,
        "top_right_border_width": 0,
        "use_native": "false",
        "vizChannel": "windows8",
        "wType": "Camera"
    },
    "winphone8": {
        "applicableblockedUIWidget": "Button",
        "background_color": "000000ff",
        "background_style": "vg",
        "bg_type": "one",
        "blockedimgURL": "",
        "border_color": "ffffffff",
        "border_radius": 0,
        "border_style": "plain",
        "border_type": 0,
        "border_width": 2,
        "bottom_left_border_color": "000000ff",
        "bottom_left_border_radius": 10,
        "bottom_left_border_width": 0,
        "bottom_right_border_color": "000000ff",
        "bottom_right_border_radius": 10,
        "bottom_right_border_width": 0,
        "font_color": "ffffffff",
        "font_size": 130,
        "font_weight": "normal",
        "gridLineColor": "0000000",
        "id": "camNormal",
        "isCustomCSSEnabled": false,
        "isForked": true,
        "psp": {},
        "shadow": {
            "br": 0,
            "color": "000000",
            "inner": false,
            "x": 0,
            "y": 0
        },
        "text_shadow": {
            "br": 0,
            "color": "000000",
            "x": 0,
            "y": 0
        },
        "top_left_border_color": "000000ff",
        "top_left_border_radius": 10,
        "top_left_border_width": 0,
        "top_right_border_color": "000000ff",
        "top_right_border_radius": 10,
        "top_right_border_width": 0,
        "use_native": "false",
        "vizChannel": "winphone8",
        "wType": "Camera"
    }
}