{
    "DNDConfig": null,
    "_enabled_": false,
    "_margin_": [
        0,
        0,
        0,
        0
    ],
    "_orientation_": 1,
    "_padding_": [
        0,
        0,
        0,
        0
    ],
    "_percent_": true,
    "_position_": 3,
    "_resize_": true,
    "_skin_": "s8e41047630b40058994c56d321dca8d",
    "allboxes": [],
    "android": {
        "@class": "com.kony.gen.viz.model.container.property.hbox.AndroidHBoxProperty",
        "_position_": 3,
        "position": 3,
        "render": true
    },
    "borderCollapse": false,
    "canUpdateUI": true,
    "children": [
        "imgBullet3",
        "lblButton"
    ],
    "containerweight": 100,
    "id": "hbxButton",
    "info": null,
    "ipad": {
        "@class": "com.kony.gen.viz.model.container.property.hbox.IPadHBoxProperty",
        "_position_": 3,
        "position": 3,
        "render": true
    },
    "isvisible": true,
    "kuid": "p2kwiet341880914386",
    "layoutalignment": 3,
    "margininpixel": false,
    "name": "kony.ui.Box",
    "paddinginpixel": false,
    "parent": "frmIntro",
    "pf": "frmIntro",
    "spa": {
        "@class": "com.kony.gen.viz.model.container.property.hbox.SPAHBoxProperty"
    },
    "spaandroidtablet": {
        "@class": "com.kony.gen.viz.model.container.property.hbox.SPAAndroidTabletHBoxProperty",
        "render": true
    },
    "spaipad": {
        "@class": "com.kony.gen.viz.model.container.property.hbox.SPAIPadHBoxProperty",
        "render": true
    },
    "spawindowstablet": {
        "@class": "com.kony.gen.viz.model.container.property.hbox.SPAWindowsTabletHBoxProperty",
        "render": true
    },
    "templateType": "forms",
    "wType": "HBox",
    "widgetalignment": 1,
    "windows8": {
        "@class": "com.kony.gen.viz.model.container.property.hbox.Windows8HBoxProperty",
        "_margin_": [
            120,
            0,
            0,
            0
        ],
        "_position_": 3,
        "margin": [
            120,
            0,
            0,
            0
        ],
        "marginInPixel": true,
        "position": 3,
        "render": true
    }
}