{
    "DNDConfig": null,
    "_base64_": null,
    "_enabled_": false,
    "_margin_": [
        0,
        0,
        0,
        0
    ],
    "_padding_": [
        0,
        0,
        0,
        0
    ],
    "_skin_": "sec08233af2242548d3e5273d8003fc6",
    "_src_": "bullet_grey.png",
    "_text_": "bullet_grey.png",
    "android": {
        "@class": "com.kony.gen.viz.model.component.property.image2.AndroidImage2Property",
        "render": true
    },
    "canUpdateUI": true,
    "containerweight": 11,
    "contentalignment": 5,
    "hexpand": false,
    "id": "imgBullet7",
    "imagescalemode": 1,
    "info": null,
    "ipad": {
        "@class": "com.kony.gen.viz.model.component.property.image2.IPadImage2Property",
        "_margin_": [
            0,
            0,
            0,
            0
        ],
        "margin": [
            0,
            0,
            0,
            0
        ],
        "marginInPixel": false,
        "psp": {
            "glossyEffect": 0
        },
        "render": true
    },
    "isvisible": true,
    "kuid": "p2kwiet341880914396",
    "margininpixel": false,
    "name": "kony.ui.Image2",
    "paddinginpixel": false,
    "parent": "hbxTxtBox",
    "pf": "frmIntro",
    "spa": {
        "@class": "com.kony.gen.viz.model.component.property.image2.SPAImage2Property"
    },
    "spaandroidtablet": {
        "@class": "com.kony.gen.viz.model.component.property.image2.SPAAndroidTabletImage2Property",
        "render": true
    },
    "spaipad": {
        "@class": "com.kony.gen.viz.model.component.property.image2.SPAIPadImage2Property",
        "render": true
    },
    "spawindowstablet": {
        "@class": "com.kony.gen.viz.model.component.property.image2.SPAWindowsTabletImage2Property",
        "render": true
    },
    "srcType": 1,
    "vexpand": false,
    "wType": "Image",
    "widgetalignment": 5,
    "windows8": {
        "@class": "com.kony.gen.viz.model.component.property.image2.Windows8Image2Property",
        "_margin_": [
            0,
            0,
            0,
            0
        ],
        "margin": [
            0,
            0,
            0,
            0
        ],
        "marginInPixel": false,
        "render": true
    }
}