{
    "DNDConfig": null,
    "_enabled_": false,
    "_margin_": [
        1,
        1,
        1,
        1
    ],
    "_padding_": [
        1,
        1,
        1,
        1
    ],
    "_skin_": "s2a090c94936405f8e8a30cb11f20072",
    "_text_": "The app shows how to create the following widgets dynamically",
    "_wrapping_": 2,
    "android": {
        "@class": "com.kony.gen.viz.model.component.property.label.AndroidLabelProperty",
        "_margin_": [
            1,
            2,
            1,
            1
        ],
        "margin": [
            1,
            2,
            1,
            1
        ],
        "marginInPixel": false,
        "psp": {
            "textCopyable": false
        },
        "render": true
    },
    "canUpdateUI": true,
    "containerweight": 100,
    "contentalignment": 4,
    "hexpand": true,
    "id": "lblDesc",
    "info": null,
    "ipad": {
        "@class": "com.kony.gen.viz.model.component.property.label.IPadLabelProperty",
        "_margin_": [
            2,
            3,
            0,
            0
        ],
        "_padding_": [
            0,
            0,
            0,
            0
        ],
        "margin": [
            2,
            3,
            0,
            0
        ],
        "marginInPixel": false,
        "padding": [
            0,
            0,
            0,
            0
        ],
        "paddingInPixel": false,
        "psp": {
            "textCopyable": false,
            "wrapping": 2
        },
        "render": true
    },
    "isvisible": true,
    "kuid": "p2kwiet341880914372",
    "margininpixel": false,
    "name": "kony.ui.Label",
    "paddinginpixel": false,
    "parent": "frmIntro",
    "pf": "frmIntro",
    "spa": {
        "@class": "com.kony.gen.viz.model.component.property.label.SPALabelProperty",
        "psp": {
            "textCopyable": false
        }
    },
    "spaandroidtablet": {
        "@class": "com.kony.gen.viz.model.component.property.label.SPAAndroidTabletLabelProperty",
        "render": true
    },
    "spaipad": {
        "@class": "com.kony.gen.viz.model.component.property.label.SPAIPadLabelProperty",
        "render": true
    },
    "spawindowstablet": {
        "@class": "com.kony.gen.viz.model.component.property.label.SPAWindowsTabletLabelProperty",
        "render": true
    },
    "tooltip": "",
    "vexpand": false,
    "wType": "Label",
    "widgetalignment": 4,
    "windows8": {
        "@class": "com.kony.gen.viz.model.component.property.label.Windows8LabelProperty",
        "_margin_": [
            120,
            0,
            0,
            0
        ],
        "margin": [
            120,
            0,
            0,
            0
        ],
        "marginInPixel": true,
        "render": true
    }
}