{
    "applicableblockedUIWidget": "Button",
    "background_image": "bg_grey.png",
    "background_left_image": "bg_grey.png",
    "background_style": "vg",
    "bg_type": "image",
    "blockedimgURL": "",
    "border_color": "000000ff",
    "border_radius": 0,
    "border_style": "plain",
    "border_type": 0,
    "border_width": 0,
    "bottom_left_border_color": "000000ff",
    "bottom_left_border_radius": 10,
    "bottom_left_border_width": 0,
    "bottom_right_border_color": "000000ff",
    "bottom_right_border_radius": 10,
    "bottom_right_border_width": 0,
    "desktopweb": {
        "applicableblockedUIWidget": "Button",
        "backgroundSize": false,
        "background_image": "bg_grey.png",
        "background_left_image": "bg_grey.png",
        "background_style": "vg",
        "bg_type": "image",
        "blockedimgURL": "",
        "border_color": "000000ff",
        "border_radius": 0,
        "border_style": "plain",
        "border_type": 0,
        "border_width": 0,
        "bottom_left_border_color": "000000ff",
        "bottom_left_border_radius": 10,
        "bottom_left_border_width": 0,
        "bottom_right_border_color": "000000ff",
        "bottom_right_border_radius": 10,
        "bottom_right_border_width": 0,
        "font_color": "000000ff",
        "font_size": 100,
        "font_weight": "normal",
        "gridLineColor": "0000000",
        "id": "frmSampleSkin",
        "isCustomCSSEnabled": false,
        "isForked": true,
        "psp": {},
        "repeatImageHorizontally": false,
        "repeatImageVertically": false,
        "shadow": {
            "br": 0,
            "color": "000000",
            "inner": true,
            "x": 0,
            "y": 0
        },
        "text_shadow": {
            "br": 0,
            "color": "000000",
            "x": 0,
            "y": 0
        },
        "top_left_border_color": "000000ff",
        "top_left_border_radius": 10,
        "top_left_border_width": 0,
        "top_right_border_color": "000000ff",
        "top_right_border_radius": 10,
        "top_right_border_width": 0,
        "use_native": "false",
        "vizChannel": "desktopweb",
        "wType": "Form"
    },
    "font_color": "000000ff",
    "font_size": 100,
    "font_weight": "normal",
    "gridLineColor": "0000000",
    "id": "frmSampleSkin",
    "isForked": false,
    "kuid": "sdc26d6a55304d79b494691b57813ae5",
    "shadow": {
        "br": 0,
        "color": "000000",
        "inner": true,
        "x": 0,
        "y": 0
    },
    "spaan": {
        "applicableblockedUIWidget": "Button",
        "backgroundSize": false,
        "background_image": "bg_grey.png",
        "background_left_image": "bg_grey.png",
        "background_style": "vg",
        "bg_type": "image",
        "blockedimgURL": "",
        "border_color": "000000ff",
        "border_radius": 0,
        "border_style": "plain",
        "border_type": 0,
        "border_width": 0,
        "bottom_left_border_color": "000000ff",
        "bottom_left_border_radius": 10,
        "bottom_left_border_width": 0,
        "bottom_right_border_color": "000000ff",
        "bottom_right_border_radius": 10,
        "bottom_right_border_width": 0,
        "enableRetinaImage": false,
        "font_color": "000000ff",
        "font_size": 100,
        "font_weight": "normal",
        "gridLineColor": "0000000",
        "id": "frmSampleSkin",
        "isCustomCSSEnabled": false,
        "isForked": true,
        "psp": {},
        "repeatImageHorizontally": false,
        "repeatImageVertically": false,
        "shadow": {
            "br": 0,
            "color": "000000",
            "inner": true,
            "x": 0,
            "y": 0
        },
        "text_shadow": {
            "br": 0,
            "color": "000000",
            "x": 0,
            "y": 0
        },
        "top_left_border_color": "000000ff",
        "top_left_border_radius": 10,
        "top_left_border_width": 0,
        "top_right_border_color": "000000ff",
        "top_right_border_radius": 10,
        "top_right_border_width": 0,
        "use_native": "false",
        "vizChannel": "spaan",
        "wType": "Form"
    },
    "spaandroidtablet": {
        "applicableblockedUIWidget": "Button",
        "backgroundSize": false,
        "background_image": "bg_grey.png",
        "background_left_image": "bg_grey.png",
        "background_style": "vg",
        "bg_type": "image",
        "blockedimgURL": "",
        "border_color": "000000ff",
        "border_radius": 0,
        "border_style": "plain",
        "border_type": 0,
        "border_width": 0,
        "bottom_left_border_color": "000000ff",
        "bottom_left_border_radius": 10,
        "bottom_left_border_width": 0,
        "bottom_right_border_color": "000000ff",
        "bottom_right_border_radius": 10,
        "bottom_right_border_width": 0,
        "font_color": "000000ff",
        "font_size": 100,
        "font_weight": "normal",
        "gridLineColor": "0000000",
        "id": "frmSampleSkin",
        "isCustomCSSEnabled": false,
        "isForked": true,
        "psp": {},
        "repeatImageHorizontally": false,
        "repeatImageVertically": false,
        "shadow": {
            "br": 0,
            "color": "000000",
            "inner": true,
            "x": 0,
            "y": 0
        },
        "text_shadow": {
            "br": 0,
            "color": "000000",
            "x": 0,
            "y": 0
        },
        "top_left_border_color": "000000ff",
        "top_left_border_radius": 10,
        "top_left_border_width": 0,
        "top_right_border_color": "000000ff",
        "top_right_border_radius": 10,
        "top_right_border_width": 0,
        "use_native": "false",
        "vizChannel": "spaandroidtablet",
        "wType": "Form"
    },
    "spabb": {
        "applicableblockedUIWidget": "Button",
        "background_image": "bg_grey.png",
        "background_left_image": "bg_grey.png",
        "background_style": "vg",
        "bg_type": "image",
        "blockedimgURL": "",
        "border_color": "000000ff",
        "border_radius": 0,
        "border_style": "plain",
        "border_type": 0,
        "border_width": 0,
        "bottom_left_border_color": "000000ff",
        "bottom_left_border_radius": 10,
        "bottom_left_border_width": 0,
        "bottom_right_border_color": "000000ff",
        "bottom_right_border_radius": 10,
        "bottom_right_border_width": 0,
        "font_color": "000000ff",
        "font_size": 100,
        "font_weight": "normal",
        "gridLineColor": "0000000",
        "id": "frmSampleSkin",
        "isCustomCSSEnabled": false,
        "isForked": true,
        "psp": {},
        "shadow": {
            "br": 0,
            "color": "000000",
            "inner": true,
            "x": 0,
            "y": 0
        },
        "text_shadow": {
            "br": 0,
            "color": "000000",
            "x": 0,
            "y": 0
        },
        "top_left_border_color": "000000ff",
        "top_left_border_radius": 10,
        "top_left_border_width": 0,
        "top_right_border_color": "000000ff",
        "top_right_border_radius": 10,
        "top_right_border_width": 0,
        "use_native": "false",
        "vizChannel": "spabb",
        "wType": "Form"
    },
    "spaip": {
        "applicableblockedUIWidget": "Button",
        "backgroundSize": false,
        "background_image": "bg_grey.png",
        "background_left_image": "bg_grey.png",
        "background_style": "vg",
        "bg_type": "image",
        "blockedimgURL": "",
        "border_color": "000000ff",
        "border_radius": 0,
        "border_style": "plain",
        "border_type": 0,
        "border_width": 0,
        "bottom_left_border_color": "000000ff",
        "bottom_left_border_radius": 10,
        "bottom_left_border_style": "plain",
        "bottom_left_border_width": 0,
        "bottom_right_border_color": "000000ff",
        "bottom_right_border_radius": 10,
        "bottom_right_border_style": "plain",
        "bottom_right_border_width": 0,
        "enableRetinaImage": false,
        "font_color": "000000ff",
        "font_size": 100,
        "font_weight": "normal",
        "gridLineColor": "0000000",
        "id": "frmSampleSkin",
        "isCustomCSSEnabled": false,
        "isForked": true,
        "psp": {},
        "repeatImageHorizontally": false,
        "repeatImageVertically": false,
        "repeatRetinaImage": false,
        "shadow": {
            "br": 0,
            "color": "000000",
            "inner": true,
            "x": 0,
            "y": 0
        },
        "text_shadow": {
            "br": 0,
            "color": "000000",
            "x": 0,
            "y": 0
        },
        "top_left_border_color": "000000ff",
        "top_left_border_radius": 10,
        "top_left_border_style": "plain",
        "top_left_border_width": 0,
        "top_right_border_color": "000000ff",
        "top_right_border_radius": 10,
        "top_right_border_style": "plain",
        "top_right_border_width": 0,
        "use_native": "false",
        "vizChannel": "spaip",
        "wType": "Form"
    },
    "spaipad": {
        "applicableblockedUIWidget": "Button",
        "backgroundSize": false,
        "background_image": "bg_grey.png",
        "background_left_image": "bg_grey.png",
        "background_style": "vg",
        "bg_type": "image",
        "blockedimgURL": "",
        "border_color": "000000ff",
        "border_radius": 0,
        "border_style": "plain",
        "border_type": 0,
        "border_width": 0,
        "bottom_left_border_color": "000000ff",
        "bottom_left_border_radius": 10,
        "bottom_left_border_width": 0,
        "bottom_right_border_color": "000000ff",
        "bottom_right_border_radius": 10,
        "bottom_right_border_width": 0,
        "enableRetinaImage": false,
        "font_color": "000000ff",
        "font_size": 100,
        "font_weight": "normal",
        "gridLineColor": "0000000",
        "id": "frmSampleSkin",
        "isCustomCSSEnabled": false,
        "isForked": true,
        "psp": {},
        "repeatImageHorizontally": false,
        "repeatImageVertically": false,
        "repeatRetinaImage": false,
        "shadow": {
            "br": 0,
            "color": "000000",
            "inner": true,
            "x": 0,
            "y": 0
        },
        "text_shadow": {
            "br": 0,
            "color": "000000",
            "x": 0,
            "y": 0
        },
        "top_left_border_color": "000000ff",
        "top_left_border_radius": 10,
        "top_left_border_width": 0,
        "top_right_border_color": "000000ff",
        "top_right_border_radius": 10,
        "top_right_border_width": 0,
        "use_native": "false",
        "vizChannel": "spaipad",
        "wType": "Form"
    },
    "spawindowstablet": {
        "applicableblockedUIWidget": "Button",
        "background_image": "bg_grey.png",
        "background_left_image": "bg_grey.png",
        "background_style": "vg",
        "bg_type": "image",
        "blockedimgURL": "",
        "border_color": "000000ff",
        "border_radius": 0,
        "border_style": "plain",
        "border_type": 0,
        "border_width": 0,
        "bottom_left_border_color": "000000ff",
        "bottom_left_border_radius": 10,
        "bottom_left_border_width": 0,
        "bottom_right_border_color": "000000ff",
        "bottom_right_border_radius": 10,
        "bottom_right_border_width": 0,
        "font_color": "000000ff",
        "font_size": 100,
        "font_weight": "normal",
        "gridLineColor": "0000000",
        "id": "frmSampleSkin",
        "isCustomCSSEnabled": false,
        "isForked": true,
        "psp": {},
        "repeatImageHorizontally": false,
        "repeatImageVertically": false,
        "shadow": {
            "br": 0,
            "color": "000000",
            "inner": true,
            "x": 0,
            "y": 0
        },
        "text_shadow": {
            "br": 0,
            "color": "000000",
            "x": 0,
            "y": 0
        },
        "top_left_border_color": "000000ff",
        "top_left_border_radius": 10,
        "top_left_border_width": 0,
        "top_right_border_color": "000000ff",
        "top_right_border_radius": 10,
        "top_right_border_width": 0,
        "use_native": "false",
        "vizChannel": "spawindowstablet",
        "wType": "Form"
    },
    "spawinphone8": {
        "applicableblockedUIWidget": "Button",
        "backgroundSize": false,
        "background_image": "bg_grey.png",
        "background_left_image": "bg_grey.png",
        "background_style": "vg",
        "bg_type": "image",
        "blockedimgURL": "",
        "border_color": "000000ff",
        "border_radius": 0,
        "border_style": "plain",
        "border_type": 0,
        "border_width": 0,
        "bottom_left_border_color": "000000ff",
        "bottom_left_border_radius": 10,
        "bottom_left_border_width": 0,
        "bottom_right_border_color": "000000ff",
        "bottom_right_border_radius": 10,
        "bottom_right_border_width": 0,
        "font_color": "000000ff",
        "font_size": 100,
        "font_weight": "normal",
        "gridLineColor": "0000000",
        "id": "frmSampleSkin",
        "isCustomCSSEnabled": false,
        "isForked": true,
        "psp": {},
        "repeatImageHorizontally": false,
        "repeatImageVertically": false,
        "shadow": {
            "br": 0,
            "color": "000000",
            "inner": true,
            "x": 0,
            "y": 0
        },
        "text_shadow": {
            "br": 0,
            "color": "000000",
            "x": 0,
            "y": 0
        },
        "top_left_border_color": "000000ff",
        "top_left_border_radius": 10,
        "top_left_border_width": 0,
        "top_right_border_color": "000000ff",
        "top_right_border_radius": 10,
        "top_right_border_width": 0,
        "use_native": "false",
        "vizChannel": "spawinphone8",
        "wType": "Form"
    },
    "text_shadow": {
        "br": 0,
        "color": "000000",
        "x": 0,
        "y": 0
    },
    "top_left_border_color": "000000ff",
    "top_left_border_radius": 10,
    "top_left_border_width": 0,
    "top_right_border_color": "000000ff",
    "top_right_border_radius": 10,
    "top_right_border_width": 0,
    "use_native": "false",
    "vizChannel": "default",
    "wType": "Form"
}