{
    "p2kwiet341880914363_bttnContinue_onClick_seq0": {
        "id": "p2kwiet341880914363_bttnContinue_onClick_seq0",
        "type": "ACTION_SEQUENCE",
        "params": [{
            "name": "eventobject",
            "value": "eventobject"
        }],
        "language": "js",
        "actions": [{
            "id": "navigation_onClick_493123418809143061",
            "type": "NAVIGATE_TO_FORM",
            "formId": "frmOption",
            "formKUID": "p2kwiet341880914369",
            "mappings": {},
            "mappingsOrder": [],
            "parentId": "",
            "enableMappingEditor": true
        }]
    }
}