{
    "p2kwiet341880914369_bttnLp_onClick_seq0": {
        "id": "p2kwiet341880914369_bttnLp_onClick_seq0",
        "type": "ACTION_SEQUENCE",
        "params": [{
            "name": "eventobject",
            "value": "eventobject"
        }],
        "language": "js",
        "actions": [{
            "id": "customcode_onClick_622383418809144859",
            "type": "INVOKE_FUNCTION",
            "sequenceKUID": "createDynamicForm",
            "display": "createDynamicForm",
            "inputparams": []
        }]
    }
}