{
    "p2kwiet341880914369_frmOption_preshow_seq0": {
        "id": "p2kwiet341880914369_frmOption_preshow_seq0",
        "type": "ACTION_SEQUENCE",
        "params": [{
            "name": "eventobject",
            "value": "eventobject"
        }, {
            "name": "neworientation",
            "value": "neworientation"
        }],
        "language": "js",
        "actions": [{
            "id": "expression_preshow_942023418809149567",
            "type": "ADD_SNIPPET",
            "codeSnippet": "tmp=0;"
        }]
    }
}