{"mwaddrkey":"10.10.12.36","wap_android360_fontsize":"13","isA11yConfigEnabled":"false","spaipadbasefontsize":"17","wap_android440_fontsize":"15","wap_spaandroidtabxhdpi_fontsize":"18","apppackagekey":"com.kone.DynamicWidget","winmangotiletitlekey":"test","wap_android400_fontsize":"14","nativeContainerProperties":{"isEnableJSContainerAndroid":false,"isModified":true,"isEnableJSContaineriOS":false,"isEnableJSContainer":false},"wap_spaandroidtabhdpi_fontsize":"16","iphonebundleidentifierkey":"com.kone.DynamicWidget","desktopwebaligenmentoption":"left","appversionkey":"1.0.0","desktopwebwidthoption":"Percentage","applogokey":"icon.png","spaandroidtabbasefontsize":"17","startupformkey":"frmIntro","wap_android640_fontsize":"19","vendornamekey":"KonyLabs","wap_android320_fontsize":"12","wap_android_fontsize":"10","statusBarStyle":"STATUS_BAR_STYLE_DEFAULT","createdgaversion":"7.3.0.GA_v201704051416","extendTop":"false","enableactionbar":false,"wap_android480_fontsize":"14","mastersProperties":{"masterVersion":"2.0.0"},"appmenu":{"tablet":{"data":[]},"desktop":{"data":[{"kuid":"ac3860d54f044bccb5622b790d87776c","icon":{"default":"option1.png"},"id":"appmenuitemid1","title":"Item 1"},{"kuid":"b07786571cf444079c9fc971f268cc2f","icon":{"default":"option2.png"},"id":"appmenuitemid2","title":"Item 2"},{"kuid":"a4346d4b2f4b480092a71dcd66ae721c","icon":{"default":"option3.png"},"id":"appmenuitemid3","title":"Item 3"},{"kuid":"8736a9231c634308ba1d4e436ae41051","icon":{"default":"option4.png"},"id":"appmenuitemid4","title":"Item 4"}]},"wType":"Appmenu","mobile":{"data":[]}},"wap_spaipad_fontsize":"17","mwportkey":"8080","islocalserverurl":"true","supportedorientations":["portrait","landscape"],"appidkey":"dynamicwidget","statusBarHidden":"false","export.type":"studioviz","isNewAppWithRespectToAndroidPackageName":"true","defaulttheme":"KonyTheme","iphonebundleversionkey":"1.0","iphoneipadglossyeffectkey":"false","extendBottom":"false","tabletstartupformkey":"frmIntro","pasteboardType":"2","appnamekey":"DynamicWidgets","currentgaversion":"7.3.0","desktopwebbasefontsize":"16","mfappguid":{"9e9c983b-7a62-4ef3-9b29-924572ff5170":"53f9282e-24ea-4776-8e98-fdf4246916e2"},"wap_android240_fontsize":"10","@class":"com.kony.gen.appprops.KVizAppProps","wap_spaandroidtabldpi_fontsize":"17","wap_spaandroidtabmdpi_fontsize":"14","konyVizVersion":"7.3.0","wap_spaandroidtab_fontsize":"17","winmobileguidkey":"8b682cbd-d41a-492e-ad54-603a751ee259","ide_appEvents":{},"build":"release","project_version":"sprint27","cloud_url":"http://127.0.0.1:8080","ipadlandscapemodekey":"both","wap_ip_fontsize":"12","category":"app","createdVizVersion":"7.3.0"}