<?xml version="1.0" encoding="UTF-8" standalone="yes"?><splashData><landscape_animationDuration>10</landscape_animationDuration><landscape_animation_interruptable>false</landscape_animation_interruptable><landscape_splash_image></landscape_splash_image><landscape_splash_video></landscape_splash_video><launchMode>Both</launchMode><portrait_animationDuration>10</portrait_animationDuration><portrait_splash_image>0=splash.9.png,1=iphone_5.png,8=andriod_hdpi.png,2=bb9860.png,46=,42=,3=,16=,18=andriod_hdpi.png,43=andriod_tablet.png,22=iphone_5.png,1000=,1001=ipad_4.png,1002=,31=ipad_4.png,32=ipad_4.png,45=,23=,24=,35=,44=,36=,21=,37=</portrait_splash_image><portrait_splash_video></portrait_splash_video><potrait_animation_interruptable>false</potrait_animation_interruptable></splashData>