<projectskin>
    <skin name="android_slider_left_skin" value="sliderLeft"/>
    <skin name="textfield_skin_focus" value="tbxFocus"/>
    <skin name="richtext_skin" value="richNormal"/>
    <skin name="datagrid_alternate_skin" value="dgRow"/>
    <skin name="textfield_skin" value="tbxNormal"/>
    <skin name="datagrid_header_skin" value="dgHead"/>
    <skin name="label_skin" value="sknLblKonyThemeNormal"/>
    <skin name="segment_sec_skin_focus" value="segHeader"/>
    <skin name="camera_skin" value="camNormal"/>
    <skin name="calendar_skin" value="calNormal"/>
    <skin name="bb_slider_left_skin_key" value="sliderLeft"/>
    <skin name="form_skin" value="sknFrmKonyThemeNormal"/>
    <skin name="checkboxgroup_skin" value="cbxNormal"/>
    <skin name="line_skin" value="lineNormal"/>
    <skin name="himgstrip_skin_focus" value="hStripFocus"/>
    <skin name="row_skin" value="sknHboxKonyThemeNormal"/>
    <skin name="phone_skin_focus" value="phoneFocus"/>
    <skin name="listbox_skin_focus" value="listboxFocus"/>
    <skin name="himgstrip_skin" value="hStripNormal"/>
    <skin name="bb_form_title_skin" value="titleBar"/>
    <skin name="android_form_title_skin" value="titleBar"/>
    <skin name="phone_skin" value="phoneNormal"/>
    <skin name="datagrid_row_skin_focus" value="dgFocus"/>
    <skin name="calendar_skin_focus" value="calFocus"/>
    <skin name="imagegallery_skin_focus" value="galFocus"/>
    <skin name="textarea_skin_focus" value="txtFocus"/>
    <skin name="listbox_skin" value="listboxNormal"/>
    <skin name="tabpane_inactive_skin" value="tabInactive"/>
    <skin name="segment_skin_focus" value="segFocus"/>
    <skin name="datagrid_row_skin" value="dgRow"/>
    <skin name="combobox_skin_focus" value="cboxFocus"/>
    <skin name="combobox_skin" value="cboxNormal"/>
    <skin name="segment_skin" value="segNormal"/>
    <skin name="android_slider_right_skin" value="sliderRight"/>
    <skin name="tabpane_active_focus_skin" value="tabFocus"/>
    <skin name="bb_slider_right_skin_key" value="sliderRight"/>
    <skin name="button_skin" value="sknBtnKonyThemeNormal"/>
    <skin name="textarea_skin" value="txtNormal"/>
    <skin name="button_skin_focus" value="sknBtnKonyThemeFocus"/>
    <skin name="radiobuttongroup_skin_focus" value="sknRadioKonyThemeFocus"/>
    <skin name="tabpane_active_skin" value="tabActive"/>
    <skin name="popup_skin" value="sknPopupKonyThemeNormal"/>
    <skin name="camera_skin_focus" value="camFocus"/>
    <skin name="winmob_slider_right_skin" value="sliderRight"/>
    <skin name="winmob_slider_left_skin" value="sliderLeft"/>
    <skin name="form_menu_skin" value="No Skin"/>
    <skin name="checkboxgroup_skin_focus" value="cbxFocus"/>
    <skin name="imagegallery_skin" value="galNormal"/>
    <skin name="radiobuttongroup_skin" value="sknRadioKonyThemeNormal"/>
</projectskin>