{
    "splashScreen": {
        "mobile": {
            "iphone": {
                "splashImage": "iphone_5.png",
                "showLoadingIndicator": true,
                "videoInterruptible": false,
                "animationDuration": 10
            },
            "android": {
                "splashImage": "andriod_hdpi.png",
                "showLoadingIndicator": true,
                "videoInterruptible": false,
                "animationDuration": 10,
                "backgroundColor": "49b4ca"
            },
            "winphone8": {
                "showLoadingIndicator": true
            },
            "spa": {
                "backgroundColor": "49b4ca"
            },
            "spaip": {
                "splashImage": "iphone_5.png"
            },
            "spaan": {},
            "spawinphone8": {},
            "splashImage": "splash.9.png"
        },
        "tablet": {
            "ipad": {
                "landscape": {
                    "videoInterruptible": false,
                    "animationDuration": 10
                },
                "showLoadingIndicator": true,
                "videoInterruptible": false,
                "animationDuration": 10
            },
            "android": {
                "splashImage": "andriod_hdpi.png",
                "showLoadingIndicator": true,
                "videoInterruptible": false,
                "animationDuration": 10,
                "backgroundColor": "49b4ca"
            },
            "windows8": {
                "splashImage": "andriod_tablet.png",
                "showLoadingIndicator": true,
                "foregroundColor": "ffffff",
                "backgroundColor": "49b4ca"
            },
            "spa": {
                "backgroundColor": "49b4ca"
            },
            "spaipad": {
                "splashImage": "ipad_4.png"
            },
            "spaandroidtablet": {
                "splashImage": "ipad_4.png"
            },
            "spawindowstablet": {},
            "splashImage": "ipad_4.png",
            "windows10": {
                "foregroundColor": "ffffff",
                "backgroundColor": "49b4ca"
            }
        },
        "desktop": {
            "desktopweb": {
                "backgroundColor": "49b4ca"
            },
            "kiosk": {},
            "splashImage": "splash.9.png"
        }
    }
}