{
    "DNDConfig": null,
    "_enabled_": false,
    "_padding_": [
        0,
        3,
        0,
        3
    ],
    "_skin_": "s0f2f9acf7994886867268b1a47eb463",
    "_text_": "widgets(remotely packaged)",
    "android": {
        "@class": "com.kony.gen.viz.model.component.property.button.AndroidButtonProperty",
        "_margin_": [
            25,
            2,
            25,
            0
        ],
        "_padding_": [
            0,
            3,
            0,
            3
        ],
        "displayText": true,
        "margin": [
            25,
            2,
            25,
            0
        ],
        "marginInPixel": false,
        "padding": [
            0,
            3,
            0,
            3
        ],
        "paddingInPixel": false,
        "render": true
    },
    "canUpdateUI": true,
    "containerweight": 100,
    "contentalignment": 5,
    "displaytext": true,
    "focusskin": "sd07a1c147244aa7b0d45f31152ea65d",
    "hexpand": true,
    "id": "bttnRp",
    "ide_onClick": "p2kwiet341880914405_bttnRp_onClick_seq0",
    "info": null,
    "ipad": {
        "@class": "com.kony.gen.viz.model.component.property.button.IPadButtonProperty",
        "_margin_": [
            30,
            2,
            30,
            0
        ],
        "_padding_": [
            0,
            2,
            0,
            2
        ],
        "displayText": true,
        "margin": [
            30,
            2,
            30,
            0
        ],
        "marginInPixel": false,
        "padding": [
            0,
            2,
            0,
            2
        ],
        "paddingInPixel": false,
        "psp": {
            "glowEffect": false
        },
        "render": true
    },
    "isvisible": true,
    "kuid": "p2kwiet341880914403",
    "name": "kony.ui.Button",
    "onclick": "p2kwiet341880914405_bttnRp_onClick_seq0",
    "paddinginpixel": false,
    "parent": "frmOption",
    "pf": "frmOption",
    "spa": {
        "@class": "com.kony.gen.viz.model.component.property.button.SPAButtonProperty",
        "displayText": true
    },
    "spaandroidtablet": {
        "@class": "com.kony.gen.viz.model.component.property.button.SPAAndroidTabletButtonProperty",
        "_margin_": [
            30,
            2,
            30,
            0
        ],
        "margin": [
            30,
            2,
            30,
            0
        ],
        "marginInPixel": false,
        "render": true
    },
    "spaipad": {
        "@class": "com.kony.gen.viz.model.component.property.button.SPAIPadButtonProperty",
        "_margin_": [
            30,
            2,
            30,
            0
        ],
        "margin": [
            30,
            2,
            30,
            0
        ],
        "marginInPixel": false,
        "render": true
    },
    "spawindowstablet": {
        "@class": "com.kony.gen.viz.model.component.property.button.SPAWindowsTabletButtonProperty",
        "render": true
    },
    "vexpand": false,
    "wType": "Button",
    "widgetalignment": 5,
    "windows8": {
        "@class": "com.kony.gen.viz.model.component.property.button.Windows8ButtonProperty",
        "_margin_": [
            120,
            30,
            120,
            0
        ],
        "_padding_": [
            0,
            2,
            0,
            2
        ],
        "displayText": true,
        "margin": [
            120,
            30,
            120,
            0
        ],
        "marginInPixel": true,
        "padding": [
            0,
            2,
            0,
            2
        ],
        "paddingInPixel": false,
        "render": true
    }
}