{
    "DNDConfig": null,
    "_enabled_": false,
    "_margin_": [
        0,
        0,
        0,
        0
    ],
    "_padding_": [
        1,
        1,
        1,
        1
    ],
    "_skin_": "sc3433e0708f47b9b6fd521e659bbb7f",
    "_text_": "Options",
    "_wrapping_": 2,
    "android": {
        "@class": "com.kony.gen.viz.model.component.property.label.AndroidLabelProperty",
        "psp": {
            "textCopyable": false
        },
        "render": false
    },
    "canUpdateUI": true,
    "containerweight": 100,
    "contentalignment": 5,
    "hexpand": true,
    "id": "lblTitle",
    "info": null,
    "ipad": {
        "@class": "com.kony.gen.viz.model.component.property.label.IPadLabelProperty",
        "_margin_": [
            1,
            1,
            1,
            1
        ],
        "margin": [
            1,
            1,
            1,
            1
        ],
        "marginInPixel": true,
        "psp": {
            "textCopyable": false,
            "wrapping": 2
        },
        "render": false
    },
    "isvisible": true,
    "kuid": "p2kwiet341880914404",
    "margininpixel": false,
    "name": "kony.ui.Label",
    "paddinginpixel": false,
    "parent": "frmOption",
    "pf": "frmOption",
    "spa": {
        "@class": "com.kony.gen.viz.model.component.property.label.SPALabelProperty",
        "psp": {
            "textCopyable": false
        }
    },
    "spaandroidtablet": {
        "@class": "com.kony.gen.viz.model.component.property.label.SPAAndroidTabletLabelProperty",
        "render": true
    },
    "spaipad": {
        "@class": "com.kony.gen.viz.model.component.property.label.SPAIPadLabelProperty",
        "render": true
    },
    "spawindowstablet": {
        "@class": "com.kony.gen.viz.model.component.property.label.SPAWindowsTabletLabelProperty",
        "render": true
    },
    "tooltip": "",
    "vexpand": false,
    "wType": "Label",
    "widgetalignment": 5,
    "windows8": {
        "@class": "com.kony.gen.viz.model.component.property.label.Windows8LabelProperty",
        "_margin_": [
            1,
            1,
            1,
            1
        ],
        "contentAlignment": 4,
        "margin": [
            1,
            1,
            1,
            1
        ],
        "marginInPixel": true,
        "render": false
    }
}