<?xml version="1.0" encoding="UTF-8" standalone="yes"?><application desc="" id="dynamicwidget" name="" smscode=""><app-config/><services><service serviceGroup="" cachable="false" cacheduration="" groupType="" id="javaString" type="javaConnector" smscode="" smsenabled="false"><service-config><config-param name="className" value="com.kony.evalstringservice.DynamicWidgetString"/><config-param name="methodName" value="evalString"/><config-param name="preprocessorname" value=""/><config-param name="postprocessorname" value=""/><config-param name="sockettimeout" value=""/></service-config><service-input/><service-output><param datatype="string" value="" encode="false" format="None" formatvalue="" name="evalstring" order="" sms-name="" src="" srcformatvalue="" target="response" targetdatatype=""><accessType></accessType></param><param datatype="number" value="" encode="false" format="Number" formatvalue="" name="opstatus" order="" sms-name="" src="" srcformatvalue="" target="response" targetdatatype=""><accessType></accessType></param><param datatype="string" value="" encode="false" format="None" formatvalue="" name="errmsg" order="" sms-name="" src="" srcformatvalue="" target="" targetdatatype=""><accessType></accessType></param></service-output></service></services></application>