{
    "p2kwiet341880914405_bttnRp_onClick_seq0": {
        "id": "p2kwiet341880914405_bttnRp_onClick_seq0",
        "type": "ACTION_SEQUENCE",
        "params": [{
            "name": "eventobject",
            "value": "eventobject"
        }],
        "language": "js",
        "actions": [{
            "id": "customcode_onClick_104083418809143395",
            "type": "INVOKE_FUNCTION",
            "sequenceKUID": "createDynamicFormRemotely",
            "display": "createDynamicFormRemotely",
            "inputparams": []
        }]
    }
}