{
    "p2kwiet341880914399_bttnContinue_onClick_seq0": {
        "id": "p2kwiet341880914399_bttnContinue_onClick_seq0",
        "type": "ACTION_SEQUENCE",
        "params": [{
            "name": "eventobject",
            "value": "eventobject"
        }],
        "language": "js",
        "actions": [{
            "id": "navigation_onClick_239483418809142573",
            "type": "NAVIGATE_TO_FORM",
            "formId": "frmOption",
            "formKUID": "p2kwiet341880914405",
            "mappings": {},
            "mappingsOrder": [],
            "parentId": "",
            "enableMappingEditor": true
        }]
    }
}