<application desc="" id="dynamicwidget" name="" smscode="">
   <app-config>
      <config-param name="APP_SMS_HEADER" value="null"/>
   </app-config>
   <services>
      <service cachable="false" cacheduration="" id="javaString" smscode="" smsenabled="false" type="javaConnector">
         <service-config>
            <config-param name="className" value="com.kony.evalstringservice.DynamicWidgetString"/>
            <config-param name="methodName" value="evalString"/>
            <config-param name="preprocessorname" value=""/>
            <config-param name="postprocessorname" value=""/>
            <config-param name="sockettimeout" value=""/>
         </service-config>
         <service-input/>
         <service-output>
            <param datatype="string" format="None" formatvalue="" name="evalstring" sms-name="" src="" target="response"/>
            <param datatype="number" format="Number" formatvalue="" name="opstatus" sms-name="" src="" target="response"/>
            <param datatype="string" format="None" formatvalue="" name="errmsg" sms-name="" src="" target=""/>
         </service-output>
      </service>
   </services>
</application>
