{
    "DNDConfig": null,
    "_enabled_": false,
    "_margin_": [
        0,
        0,
        0,
        0
    ],
    "_padding_": [
        0,
        3,
        0,
        3
    ],
    "_skin_": "s0f2f9acf7994886867268b1a47eb463",
    "_text_": "Continue",
    "android": {
        "@class": "com.kony.gen.viz.model.component.property.button.AndroidButtonProperty",
        "_margin_": [
            5,
            10,
            5,
            2
        ],
        "displayText": true,
        "margin": [
            5,
            10,
            5,
            2
        ],
        "marginInPixel": false,
        "render": true
    },
    "canUpdateUI": true,
    "containerweight": 100,
    "contentalignment": 5,
    "displaytext": true,
    "focusskin": "sd07a1c147244aa7b0d45f31152ea65d",
    "hexpand": true,
    "id": "bttnContinue",
    "ide_onClick": "p2kwiet341880914363_bttnContinue_onClick_seq0",
    "info": null,
    "iphone": {
        "@class": "com.kony.gen.viz.model.component.property.button.IPhoneButtonProperty",
        "_margin_": [
            5,
            10,
            5,
            2
        ],
        "_padding_": [
            0,
            2,
            0,
            2
        ],
        "displayText": true,
        "margin": [
            5,
            10,
            5,
            2
        ],
        "marginInPixel": false,
        "padding": [
            0,
            2,
            0,
            2
        ],
        "paddingInPixel": false,
        "psp": {
            "glowEffect": false
        },
        "render": true
    },
    "isvisible": true,
    "kuid": "p2kwiet341880914337",
    "margininpixel": false,
    "name": "kony.ui.Button",
    "onclick": "p2kwiet341880914363_bttnContinue_onClick_seq0",
    "paddinginpixel": false,
    "parent": "frmIntro",
    "pf": "frmIntro",
    "spa": {
        "@class": "com.kony.gen.viz.model.component.property.button.SPAButtonProperty",
        "displayText": true
    },
    "spaan": {
        "@class": "com.kony.gen.viz.model.component.property.button.SPAAndroidButtonProperty",
        "_margin_": [
            3,
            5,
            3,
            0
        ],
        "margin": [
            3,
            5,
            3,
            0
        ],
        "marginInPixel": false,
        "render": true
    },
    "spabb": {
        "@class": "com.kony.gen.viz.model.component.property.button.SPABBButtonProperty",
        "_margin_": [
            4,
            5,
            4,
            0
        ],
        "margin": [
            4,
            5,
            4,
            0
        ],
        "marginInPixel": false,
        "render": true
    },
    "spaip": {
        "@class": "com.kony.gen.viz.model.component.property.button.SPAIPhoneButtonProperty",
        "_margin_": [
            3,
            5,
            3,
            0
        ],
        "_padding_": [
            0,
            2,
            0,
            2
        ],
        "margin": [
            3,
            5,
            3,
            0
        ],
        "marginInPixel": false,
        "padding": [
            0,
            2,
            0,
            2
        ],
        "paddingInPixel": false,
        "render": true
    },
    "spawinphone8": {
        "@class": "com.kony.gen.viz.model.component.property.button.SPAWinPhone8ButtonProperty",
        "render": true
    },
    "vexpand": false,
    "wType": "Button",
    "widgetalignment": 5,
    "winphone8": {
        "@class": "com.kony.gen.viz.model.component.property.button.WinPhone8ButtonProperty",
        "_margin_": [
            4,
            5,
            4,
            1
        ],
        "displayText": true,
        "margin": [
            4,
            5,
            4,
            1
        ],
        "marginInPixel": false,
        "psp": {
            "enableCache": false
        },
        "render": true
    }
}