{
    "DNDConfig": null,
    "_enabled_": false,
    "_margin_": [
        0,
        0,
        0,
        0
    ],
    "_skin_": "s8637531d7374c90b884aa4983844e4d",
    "_title_": "Home",
    "addWidgetsdone": false,
    "allboxes": [],
    "android": {
        "@class": "com.kony.gen.viz.model.container.property.form.AndroidFormProperty",
        "displayOrientation": 3,
        "footerOverlap": false,
        "headerOverlap": false,
        "inTransitionConfig": {
            "formAnimation": 0
        },
        "isModal": false,
        "menuPosition": 2,
        "needAppMenu": true,
        "outTransitionConfig": {
            "formAnimation": 0
        },
        "psp": {
            "showActionBar": true,
            "showActionBarIcon": true,
            "titleBar": true,
            "titleBarSkin": "s1976bc2f6f148d180ade82cd063bc9d",
            "windowSoftInputMode": 1
        },
        "render": true
    },
    "canUpdateUI": true,
    "children": [
        "lblTitle",
        "lblDesc",
        "hbxdesc",
        "hbxHdr",
        "hbxLbl",
        "hbxButton",
        "hbxLine",
        "hbxBox",
        "hbxList",
        "hbxTxtBox",
        "bttnContinue"
    ],
    "containerheightreference": 1,
    "containerweight": 100,
    "displayorientation": 3,
    "enabledforidletimeout": false,
    "footeroverlap": false,
    "headeroverlap": false,
    "id": "frmIntro",
    "info": null,
    "initdone": false,
    "intransitionconfig": {
        "formTransition": "None"
    },
    "iphone": {
        "@class": "com.kony.gen.viz.model.container.property.form.IPhoneFormProperty",
        "displayOrientation": 3,
        "footerOverlap": false,
        "headerOverlap": false,
        "inTransitionConfig": {
            "transitionDirection": "none",
            "transitionEffect": "none"
        },
        "isModal": false,
        "needAppMenu": true,
        "outTransitionConfig": {
            "transitionDirection": "none",
            "transitionEffect": "none"
        },
        "psp": {
            "bounces": true,
            "configureExtendBottom": false,
            "configureExtendTop": false,
            "configureStatusBarStyle": false,
            "extendBottom": false,
            "extendTop": false,
            "formTransparencyDuringPostShow": 100,
            "inputAccessoryViewType": 1,
            "needsIndicatorDuringPostShow": true,
            "statusBarStyle": "STATUS_BAR_STYLE_DEFAULT",
            "titleBarBackGroundImage": "blue_pixel.png",
            "titleBarConfig": {
                "buttonText": "",
                "leftButtonText": "",
                "prevFormTitle": false,
                "renderTitleText": true,
                "skinID": "sknTitleKonyTheme",
                "titleBarLeftSideView": "none",
                "titleBarRightSideView": "none",
                "titleBarSkin": "sknTitleKonyTheme",
                "visible": true
            }
        },
        "render": true,
        "titleBar": true
    },
    "ismodal": false,
    "isvisible": true,
    "kuid": "p2kwiet341880914363",
    "margininpixel": false,
    "menuposition": 2,
    "name": "kony.ui.Form2",
    "needappmenu": true,
    "outtransitionconfig": {
        "formTransition": "None"
    },
    "percent": true,
    "restorewidgetprototypes": true,
    "retainscrollposition": false,
    "spa": {
        "@class": "com.kony.gen.viz.model.container.property.form.SPAFormProperty",
        "inTransitionConfig": {
            "formTransition": "none"
        },
        "isModal": false,
        "needAppMenu": false,
        "outTransitionConfig": {
            "formTransition": "none"
        },
        "psp": {
            "dockableAppMenu": true,
            "dockableFooter": true,
            "dockableHeader": true
        }
    },
    "spaan": {
        "@class": "com.kony.gen.viz.model.container.property.form.SPAAndroidFormProperty",
        "needAppMenu": true,
        "render": true
    },
    "spabb": {
        "@class": "com.kony.gen.viz.model.container.property.form.SPABBFormProperty",
        "needAppMenu": true,
        "render": true
    },
    "spaip": {
        "@class": "com.kony.gen.viz.model.container.property.form.SPAIPhoneFormProperty",
        "needAppMenu": true,
        "render": true
    },
    "spawinphone8": {
        "@class": "com.kony.gen.viz.model.container.property.form.SPAWinPhone8FormProperty",
        "needAppMenu": true,
        "render": true
    },
    "templateType": "forms",
    "titleBarSkin": "s1976bc2f6f148d180ade82cd063bc9d",
    "titlebar": true,
    "transparencybehindthepopup": 100,
    "type": 3,
    "wType": "Form",
    "widgetalignment": 1,
    "winphone8": {
        "@class": "com.kony.gen.viz.model.container.property.form.WinPhone8FormProperty",
        "displayOrientation": 3,
        "inTransitionConfig": {
            "transitionSpeed": 0
        },
        "needAppMenu": true,
        "outTransitionConfig": {
            "transitionSpeed": 0
        },
        "psp": {
            "animateHeaderFooter": false,
            "enableCache": false,
            "maxAppMenuButtons": 4
        },
        "render": true
    }
}