{
    "DNDConfig": null,
    "_enabled_": false,
    "_padding_": [
        0,
        0,
        0,
        0
    ],
    "_skin_": "s2a090c94936405f8e8a30cb11f20072",
    "_text_": "The app shows how to create the following widgets dynamically",
    "_wrapping_": 2,
    "android": {
        "@class": "com.kony.gen.viz.model.component.property.label.AndroidLabelProperty",
        "_margin_": [
            2,
            3,
            0,
            0
        ],
        "_padding_": [
            1,
            4,
            1,
            4
        ],
        "margin": [
            2,
            3,
            0,
            0
        ],
        "marginInPixel": false,
        "padding": [
            1,
            4,
            1,
            4
        ],
        "paddingInPixel": true,
        "psp": {
            "textCopyable": false
        },
        "render": true
    },
    "canUpdateUI": true,
    "containerweight": 100,
    "contentalignment": 4,
    "hexpand": true,
    "id": "lblDesc",
    "info": null,
    "iphone": {
        "@class": "com.kony.gen.viz.model.component.property.label.IPhoneLabelProperty",
        "_margin_": [
            2,
            3,
            0,
            0
        ],
        "_padding_": [
            0,
            0,
            0,
            0
        ],
        "margin": [
            2,
            3,
            0,
            0
        ],
        "marginInPixel": false,
        "padding": [
            0,
            0,
            0,
            0
        ],
        "paddingInPixel": false,
        "psp": {
            "textCopyable": false,
            "wrapping": 2
        },
        "render": true
    },
    "isvisible": true,
    "kuid": "p2kwiet341880914336",
    "name": "kony.ui.Label",
    "paddinginpixel": false,
    "parent": "frmIntro",
    "pf": "frmIntro",
    "spa": {
        "@class": "com.kony.gen.viz.model.component.property.label.SPALabelProperty",
        "psp": {
            "textCopyable": false
        }
    },
    "spaan": {
        "@class": "com.kony.gen.viz.model.component.property.label.SPAAndroidLabelProperty",
        "_margin_": [
            2,
            3,
            0,
            0
        ],
        "_padding_": [
            1,
            2,
            1,
            2
        ],
        "margin": [
            2,
            3,
            0,
            0
        ],
        "marginInPixel": false,
        "padding": [
            1,
            2,
            1,
            2
        ],
        "paddingInPixel": false,
        "render": true
    },
    "spabb": {
        "@class": "com.kony.gen.viz.model.component.property.label.SPABBLabelProperty",
        "_margin_": [
            2,
            5,
            0,
            0
        ],
        "_padding_": [
            1,
            2,
            1,
            2
        ],
        "margin": [
            2,
            5,
            0,
            0
        ],
        "marginInPixel": false,
        "padding": [
            1,
            2,
            1,
            2
        ],
        "paddingInPixel": false,
        "render": true
    },
    "spaip": {
        "@class": "com.kony.gen.viz.model.component.property.label.SPAIPhoneLabelProperty",
        "_margin_": [
            2,
            3,
            0,
            0
        ],
        "_padding_": [
            1,
            2,
            1,
            2
        ],
        "margin": [
            2,
            3,
            0,
            0
        ],
        "marginInPixel": false,
        "padding": [
            1,
            2,
            1,
            2
        ],
        "paddingInPixel": false,
        "render": true
    },
    "spawinphone8": {
        "@class": "com.kony.gen.viz.model.component.property.label.SPAWinPhone8LabelProperty",
        "render": true
    },
    "tooltip": "",
    "vexpand": false,
    "wType": "Label",
    "widgetalignment": 4,
    "winphone8": {
        "@class": "com.kony.gen.viz.model.component.property.label.WinPhone8LabelProperty",
        "_margin_": [
            3,
            5,
            0,
            0
        ],
        "_padding_": [
            0,
            0,
            0,
            0
        ],
        "margin": [
            3,
            5,
            0,
            0
        ],
        "marginInPixel": false,
        "padding": [
            0,
            0,
            0,
            0
        ],
        "paddingInPixel": false,
        "psp": {
            "enableCache": false
        },
        "render": true
    }
}