{
    "DNDConfig": null,
    "_enabled_": false,
    "_margin_": [
        0,
        0,
        0,
        0
    ],
    "_padding_": [
        1,
        1,
        1,
        1
    ],
    "_skin_": "sc3433e0708f47b9b6fd521e659bbb7f",
    "_text_": "Home",
    "_wrapping_": 2,
    "android": {
        "@class": "com.kony.gen.viz.model.component.property.label.AndroidLabelProperty",
        "_padding_": [
            0,
            2,
            0,
            2
        ],
        "padding": [
            0,
            2,
            0,
            2
        ],
        "paddingInPixel": false,
        "psp": {
            "textCopyable": false
        },
        "render": false
    },
    "canUpdateUI": true,
    "containerweight": 100,
    "contentalignment": 5,
    "hexpand": true,
    "id": "lblTitle",
    "info": null,
    "iphone": {
        "@class": "com.kony.gen.viz.model.component.property.label.IPhoneLabelProperty",
        "_margin_": [
            1,
            1,
            1,
            1
        ],
        "margin": [
            1,
            1,
            1,
            1
        ],
        "marginInPixel": false,
        "psp": {
            "textCopyable": false,
            "wrapping": 2
        },
        "render": false
    },
    "isvisible": true,
    "kuid": "p2kwiet341880914338",
    "margininpixel": false,
    "name": "kony.ui.Label",
    "paddinginpixel": false,
    "parent": "frmIntro",
    "pf": "frmIntro",
    "spa": {
        "@class": "com.kony.gen.viz.model.component.property.label.SPALabelProperty",
        "psp": {
            "textCopyable": false
        }
    },
    "spaan": {
        "@class": "com.kony.gen.viz.model.component.property.label.SPAAndroidLabelProperty",
        "_padding_": [
            0,
            2,
            0,
            2
        ],
        "padding": [
            0,
            2,
            0,
            2
        ],
        "paddingInPixel": false,
        "render": true
    },
    "spabb": {
        "@class": "com.kony.gen.viz.model.component.property.label.SPABBLabelProperty",
        "render": true
    },
    "spaip": {
        "@class": "com.kony.gen.viz.model.component.property.label.SPAIPhoneLabelProperty",
        "_padding_": [
            0,
            3,
            0,
            3
        ],
        "padding": [
            0,
            3,
            0,
            3
        ],
        "paddingInPixel": false,
        "render": true
    },
    "spawinphone8": {
        "@class": "com.kony.gen.viz.model.component.property.label.SPAWinPhone8LabelProperty",
        "render": true
    },
    "tooltip": "",
    "vexpand": false,
    "wType": "Label",
    "widgetalignment": 5,
    "winphone8": {
        "@class": "com.kony.gen.viz.model.component.property.label.WinPhone8LabelProperty",
        "_margin_": [
            3,
            1,
            1,
            1
        ],
        "_padding_": [
            0,
            0,
            0,
            0
        ],
        "contentAlignment": 4,
        "margin": [
            3,
            1,
            1,
            1
        ],
        "marginInPixel": false,
        "padding": [
            0,
            0,
            0,
            0
        ],
        "paddingInPixel": false,
        "psp": {
            "enableCache": false
        },
        "render": true
    }
}